case,finite,gate_pass,gate_threshold_vs_r,impl,max_abs_vs_r,max_abs_vs_truth,max_ms,max_sum_error,median_ms,min_ms,min_value,n_samples,note,p95_ms,peak_tracemalloc_bytes,reps,rmse_vs_truth,rss_delta_bytes,threads,use_scale
exact,True,1,1e-07,baseline_loop,8.881784197001252e-16,1.1102230246251565e-16,4.77340000361437,1.1102230246251565e-16,4.382999999506865,4.332199998316355,0.0,1,,4.703900005551986,8750,21,3.925231146709438e-17,4096,1,False
exact,True,1,1e-07,enum_batched,8.881784197001252e-16,1.1102230246251565e-16,0.3758999955607578,1.1102230246251565e-16,0.3284999984316528,0.31119999766815454,0.0,1,,0.36920000275131315,73989,21,3.925231146709438e-17,8192,1,False
exact,True,1,1e-07,enum_batched_interior,2.7755575615628914e-15,1.7763568394002505e-15,0.0394000016967766,1.7763568394002505e-15,0.035599994589574635,0.03339999966556206,0.0,1,,0.0394000016967766,3909,21,6.280369834735101e-16,0,1,False
exact,True,1,1e-07,activeset_loop_warm,8.881784197001252e-16,1.1102230246251565e-16,0.06310000026132911,1.1102230246251565e-16,0.055500000598840415,0.051399998483248055,0.0,1,,0.0625000029685907,4908,21,3.925231146709438e-17,0,1,False
exact,True,1,1e-07,rust_enum_interior,2.7755575615628914e-15,1.7763568394002505e-15,0.03800000558840111,1.7763568394002505e-15,0.03360000118846074,0.03270000161137432,0.0,1,,0.03470000228844583,3909,21,6.280369834735101e-16,0,1,False
exact,True,1,1e-07,final_numpy,2.7755575615628914e-15,1.7763568394002505e-15,0.039000005926936865,1.7763568394002505e-15,0.03550000110408291,0.03380000271135941,0.0,1,,0.038499994843732566,4421,21,6.280369834735101e-16,0,1,False
exact,True,1,1e-07,final_rust,2.7755575615628914e-15,1.7763568394002505e-15,0.036299999919719994,1.7763568394002505e-15,0.032999996619764715,0.0320999970426783,0.0,1,,0.033899996196851134,4421,21,6.280369834735101e-16,0,1,False
exact,True,1,1e-07,baseline_loop,7.771561172376096e-15,4.945065415629269e-16,36.40900000027614,8.881784197001252e-16,35.478299992973916,33.687200004351325,0.0,8,,36.290700001700316,9606,21,1.257225787389594e-16,4096,1,False
exact,True,1,1e-07,enum_batched,7.993605777301127e-15,2.220446049250313e-16,0.6083000043872744,2.220446049250313e-16,0.570500000321772,0.5366999976104125,0.0,8,,0.6028999996487983,364668,21,6.011245587307016e-17,16384,1,False
exact,True,1,1e-07,enum_batched_interior,7.993605777301127e-15,1.2714341244425636e-16,0.061899998399894685,2.220446049250313e-16,0.055800002883188426,0.05199999577598646,0.0,8,,0.059600002714432776,6324,21,3.828225190397803e-17,0,1,False
exact,True,1,1e-07,activeset_loop_warm,7.993605777301127e-15,2.220446049250313e-16,0.41000000055646524,2.220446049250313e-16,0.38579999818466604,0.3586000020732172,0.0,8,,0.3980999972554855,7972,21,4.1165574658499495e-17,0,1,False
exact,True,1,1e-07,rust_enum_interior,7.993605777301127e-15,1.2714341244425636e-16,0.05919999966863543,2.220446049250313e-16,0.054100004490464926,0.05070000042906031,0.0,8,,0.05740000051446259,6324,21,3.828225190397803e-17,0,1,False
exact,True,1,1e-07,final_numpy,7.993605777301127e-15,1.2714341244425636e-16,0.06320000102277845,2.220446049250313e-16,0.05860000237589702,0.053499999921768904,0.0,8,,0.0627999979769811,6836,21,3.828225190397803e-17,0,1,False
exact,True,1,1e-07,final_rust,7.993605777301127e-15,1.2714341244425636e-16,0.05250000685919076,2.220446049250313e-16,0.049500005843583494,0.046799999836366624,0.0,8,,0.051700000767596066,6836,21,3.828225190397803e-17,0,1,False
exact,True,1,1e-07,baseline_loop,1.4401974299717883e-14,4.918287999089443e-13,699.9005000034231,1.709743457922741e-14,275.4449999993085,241.77480000071228,0.0,48,,699.8825999980909,12198,21,1.1822500866845398e-13,4096,1,False
exact,True,1,1e-07,enum_cachedgram_loop,1.4401974299717883e-14,4.918287999089443e-13,704.6450999987428,1.709743457922741e-14,677.3783000026015,245.32629999885103,0.0,48,,694.512100002612,11750,21,1.1822500866845398e-13,0,1,False
exact,True,1,1e-07,enum_fast_persample_loop,1.4401974299717883e-14,4.918287999089443e-13,36.288600000261795,1.709743457922741e-14,35.61429999535903,14.293699998233933,0.0,48,,36.177200003294274,77677,21,1.182220369764059e-13,0,1,False
exact,True,1,1e-07,enum_batched,1.1966630611588844e-14,4.920508445138694e-13,2.4558000004617497,1.1324274851176597e-14,2.307499999005813,1.1460000023362227,0.0,48,,2.4187000017263927,726580,21,1.1822638987746486e-13,69632,1,False
exact,True,1,1e-07,enum_batched_interior,1.492781671821019e-14,4.920508445138694e-13,0.3910000014002435,2.1538326677728037e-14,0.3302000041003339,0.18959999579237774,0.0,48,,0.38190000486792997,20124,21,1.1824105990311854e-13,0,1,False
exact,True,1,1e-07,activeset_loop_cold,1.1937618072336933e-14,4.920508445138694e-13,12.799600001017097,2.220446049250313e-16,12.591600003361236,4.1292999958386645,0.0,48,,12.71650000126101,15004,21,1.1821924850045301e-13,0,1,False
exact,True,1,1e-07,activeset_loop_warm,1.3505358405239551e-14,4.919953333626381e-13,7.125199997972231,2.1538326677728037e-14,6.8175999986124225,2.2951999999349937,0.0,48,,6.971499999053776,15028,21,1.1823246100785397e-13,0,1,False
exact,True,1,1e-07,rust_enum_batched,1.229955410913959e-14,4.921063556651006e-13,1.4041999966138974,1.6431300764452317e-14,1.1111999992863275,0.4845000003115274,0.0,48,,1.2647999974433333,7212,21,1.1822476360911667e-13,0,1,False
exact,True,1,1e-07,rust_enum_interior,1.492781671821019e-14,4.920508445138694e-13,0.4602000044542365,2.1538326677728037e-14,0.3293999980087392,0.14589999773306772,0.0,48,,0.425900005211588,20124,21,1.1824105990311854e-13,0,1,False
exact,True,1,1e-07,final_numpy,1.492781671821019e-14,4.920508445138694e-13,0.36109999928157777,2.1538326677728037e-14,0.33039999834727496,0.15140000323299319,0.0,48,,0.35519999801181257,20636,21,1.1824105990311854e-13,0,1,False
exact,True,1,1e-07,final_rust,1.492781671821019e-14,4.920508445138694e-13,0.35289999505039304,2.1538326677728037e-14,0.31770000350661576,0.14370000280905515,0.0,48,,0.32759999885456637,20636,21,1.1824105990311854e-13,0,1,False
exact,True,0,1e-07,floor_probe,57066033.41952043,57066033.41952043,0.3971999976783991,381853431.4933373,0.31989999843062833,0.1503000021330081,41822986.99727208,48,,0.37169999995967373,7788,21,48049651.183468625,0,1,False
exact,True,1,1e-07,baseline_loop,9.992007221626409e-16,0.0,4.806900004041381,0.0,4.520500006037764,4.283099995518569,0.0,1,,4.753299996082205,707324,21,0.0,4096,1,True
exact,True,1,1e-07,enum_batched,9.992007221626409e-16,0.0,0.4810999962501228,0.0,0.4031999997096136,0.37799999699927866,0.0,1,,0.4606000002240762,707068,21,0.0,0,1,True
exact,True,1,1e-07,enum_batched_interior,9.992007221626409e-16,1.6004983621581322e-16,0.12689999857684597,4.440892098500626e-16,0.11160000576637685,0.10179999662796035,0.0,1,,0.12400000559864566,707068,21,7.573322339592216e-17,0,1,True
exact,True,1,1e-07,activeset_loop_warm,9.992007221626409e-16,0.0,0.14969999756431207,0.0,0.1264000020455569,0.11760000052163377,0.0,1,,0.14540000120177865,707068,21,0.0,0,1,True
exact,True,1,1e-07,rust_enum_interior,9.992007221626409e-16,1.6004983621581322e-16,0.12110000534448773,4.440892098500626e-16,0.1036000030580908,0.09669999417383224,0.0,1,,0.11240000458201393,707068,21,7.573322339592216e-17,0,1,True
exact,True,1,1e-07,final_numpy,9.992007221626409e-16,1.6004983621581322e-16,0.11610000365180895,4.440892098500626e-16,0.10369999654358253,0.0971000044955872,0.0,1,,0.11520000407472253,707068,21,7.573322339592216e-17,0,1,True
exact,True,1,1e-07,final_rust,9.992007221626409e-16,1.6004983621581322e-16,0.10759999713627622,4.440892098500626e-16,0.1002000062726438,0.09449999924981967,0.0,1,,0.10689999908208847,707068,21,7.573322339592216e-17,0,1,True
exact,True,1,1e-07,baseline_loop,4.9960036108132044e-15,2.220446049250313e-16,42.88020000240067,2.220446049250313e-16,35.48890000092797,33.7297000005492,0.0,8,,37.15399999782676,707324,21,2.7755575615628914e-17,4096,1,True
exact,True,1,1e-07,enum_batched,4.9960036108132044e-15,4.548383185501743e-16,1.1754000006476417,2.220446049250313e-16,0.8501999982399866,0.7795999990776181,0.0,8,,0.9886999978334643,1027164,21,7.182198180030923e-17,0,1,True
exact,True,1,1e-07,enum_batched_interior,5.440092820663267e-15,1.7763568394002505e-15,0.45640000462299213,1.7763568394002505e-15,0.2784999960567802,0.2590000003692694,0.0,8,,0.3012000015587546,1027164,21,3.64531644859546e-16,0,1,True
exact,True,1,1e-07,activeset_loop_warm,5.218048215738236e-15,1.3322676295501878e-15,0.785700001870282,1.3322676295501878e-15,0.6047999995644204,0.563900000997819,0.0,8,,0.7412999984808266,1027164,21,2.2236888275065824e-16,0,1,True
exact,True,1,1e-07,rust_enum_interior,5.440092820663267e-15,1.7763568394002505e-15,0.3989999968325719,1.7763568394002505e-15,0.2673999988473952,0.24929999926825985,0.0,8,,0.3166999958921224,1027164,21,3.64531644859546e-16,0,1,True
exact,True,1,1e-07,final_numpy,5.440092820663267e-15,1.7763568394002505e-15,0.35850000131176785,1.7763568394002505e-15,0.2610000010463409,0.24290000146720558,0.0,8,,0.2753999942797236,1027164,21,3.64531644859546e-16,0,1,True
exact,True,1,1e-07,final_rust,5.440092820663267e-15,1.7763568394002505e-15,0.302100001135841,1.7763568394002505e-15,0.25119999918388203,0.23360000341199338,0.0,8,,0.2643000043462962,1027164,21,3.64531644859546e-16,0,1,True
exact,True,1,1e-07,baseline_loop,4.9960036108132044e-15,0.15170904735803437,582.4187000034726,2.220446049250313e-16,197.3163000002387,188.0477000013343,0.0,48,,581.6460999994888,707324,21,0.03776252054342098,4096,1,True
exact,True,1,1e-07,enum_cachedgram_loop,4.773959005888173e-15,0.15170904735803425,585.2451000027941,2.220446049250313e-16,194.3870000031893,185.7092999998713,0.0,48,,581.1104999957024,4227804,21,0.037762520543420955,0,1,True
exact,True,1,1e-07,enum_fast_persample_loop,4.773959005888173e-15,0.15170904735803425,36.00580000056652,2.220446049250313e-16,15.537799998128321,14.472000002569985,0.0,48,,35.54360000271117,4227804,21,0.037762520543420955,0,1,True
exact,True,1,1e-07,enum_batched,4.9960036108132044e-15,0.15170904735803348,4.757299997436348,4.440892098500626e-16,2.742299999226816,2.4997000000439584,0.0,48,,4.704600003606174,4227804,21,0.037762520543420955,102400,1,True
exact,True,1,1e-07,enum_batched_interior,5.440092820663267e-15,0.15170904735803348,4.3700000023818575,1.7763568394002505e-15,2.511800004867837,2.364200001466088,0.0,48,,4.339800005254801,4227804,21,0.037762520543420955,28672,1,True
exact,True,1,1e-07,activeset_loop_cold,4.9960036108132044e-15,0.15170904735803326,9.724900002765935,2.220446049250313e-16,3.910700004780665,3.6532000012812205,0.0,48,,9.635999995225575,4227804,21,0.03776252054342096,0,1,True
exact,True,1,1e-07,activeset_loop_warm,5.218048215738236e-15,0.15170904735803348,13.72809999884339,1.3322676295501878e-15,5.474600002344232,5.012000001443084,0.0,48,,13.645200000610203,4227804,21,0.037762520543420955,0,1,True
exact,True,1,1e-07,rust_enum_batched,4.9960036108132044e-15,0.15170904735803337,3.376399996341206,3.3306690738754696e-16,2.012299999478273,1.8151000040234067,0.0,48,,3.3634999999776483,4227804,21,0.037762520543420955,0,1,True
exact,True,1,1e-07,rust_enum_interior,5.440092820663267e-15,0.15170904735803337,3.1967000031727366,1.7763568394002505e-15,2.001699998800177,1.7847999988589436,0.0,48,,3.122000001894776,4227804,21,0.037762520543420955,0,1,True
exact,True,1,1e-07,final_numpy,5.440092820663267e-15,0.15170904735803348,4.4935000041732565,1.7763568394002505e-15,2.5711999987834133,2.4108999932650477,0.0,48,,4.45670000044629,4227804,21,0.037762520543420955,0,1,True
exact,True,1,1e-07,final_rust,5.440092820663267e-15,0.15170904735803337,3.2656000039423816,1.7763568394002505e-15,1.9150999942212366,1.7738000024110079,0.0,48,,3.2253000026685186,4227804,21,0.037762520543420955,0,1,True
exact,True,0,1e-07,floor_probe,2233.993558151237,2233.993558151237,2.553899998019915,17111.76862085604,1.6312000007019378,1.4890000020386651,1972.845585591522,48,,2.440199998090975,4227804,21,2140.5437834413756,0,1,True
noisy,True,1,1e-06,baseline_loop,8.881784197001252e-16,1.1102230246251565e-16,4.082899999048095,1.1102230246251565e-16,3.5473000025376678,3.395499996258877,0.0,1,,3.840099998342339,8886,21,3.925231146709438e-17,4096,1,False
noisy,True,1,1e-06,enum_batched,8.881784197001252e-16,1.1102230246251565e-16,0.4826000003959052,1.1102230246251565e-16,0.3391999998711981,0.31460000172955915,0.0,1,,0.3871000008075498,73989,21,3.925231146709438e-17,0,1,False
noisy,True,1,1e-06,enum_batched_interior,8.881784197001252e-16,1.1102230246251565e-16,0.3805999949690886,1.1102230246251565e-16,0.33180000173160806,0.31260000105248764,0.0,1,,0.3612000000430271,76166,21,3.925231146709438e-17,20480,1,False
noisy,True,1,1e-06,activeset_loop_warm,8.881784197001252e-16,1.1102230246251565e-16,0.0774000000092201,1.1102230246251565e-16,0.0627999979769811,0.05439999949885532,0.0,1,,0.07059999916236848,4908,21,3.925231146709438e-17,0,1,False
noisy,True,1,1e-06,rust_enum_interior,8.881784197001252e-16,1.1102230246251565e-16,0.1249999986612238,1.1102230246251565e-16,0.10859999747481197,0.10410000686533749,0.0,1,,0.12190000416012481,5997,21,3.925231146709438e-17,0,1,False
noisy,True,1,1e-06,final_numpy,8.881784197001252e-16,1.1102230246251565e-16,0.4765999983646907,1.1102230246251565e-16,0.33290000283159316,0.3068000005441718,0.0,1,,0.399799995648209,76678,21,3.925231146709438e-17,0,1,False
noisy,True,1,1e-06,final_rust,8.881784197001252e-16,1.1102230246251565e-16,0.12209999840706587,1.1102230246251565e-16,0.10769999789772555,0.10350000229664147,0.0,1,,0.11749999976018444,6509,21,3.925231146709438e-17,0,1,False
noisy,True,1,1e-06,baseline_loop,4.9960036108132044e-15,0.009029804340243142,31.320300004153978,2.220446049250313e-16,30.053800001041964,29.4692000024952,0.0,8,,31.319200003053993,9486,21,0.0017331034065055765,4096,1,False
noisy,True,1,1e-06,enum_batched,4.884981308350689e-15,0.009029804340243142,0.6939000013517216,2.220446049250313e-16,0.5822999955853447,0.5577999982051551,0.0,8,,0.6560999972862191,364700,21,0.0017331034065056115,0,1,False
noisy,True,1,1e-06,enum_batched_interior,4.884981308350689e-15,0.009029804340243142,0.6263000032049604,2.220446049250313e-16,0.559899999643676,0.5469000025186688,0.0,8,,0.6037999992258847,359827,21,0.0017331034065056115,8192,1,False
noisy,True,1,1e-06,activeset_loop_warm,4.884981308350689e-15,0.009029804340243364,0.9447999982512556,2.220446049250313e-16,0.825700000859797,0.778300003730692,0.0,8,,0.9131000042543747,9988,21,0.0017331034065056394,0,1,False
noisy,True,1,1e-06,rust_enum_interior,4.884981308350689e-15,0.009029804340243475,0.20050000603077933,2.220446049250313e-16,0.1751000017975457,0.1635999942664057,0.0,8,,0.19379999866941944,8324,21,0.0017331034065056496,0,1,False
noisy,True,1,1e-06,final_numpy,4.884981308350689e-15,0.009029804340243142,0.662500002363231,2.220446049250313e-16,0.5855000053998083,0.5612000022665597,0.0,8,,0.6301000030362047,360339,21,0.0017331034065056115,4096,1,False
noisy,True,1,1e-06,final_rust,4.884981308350689e-15,0.009029804340243475,0.17809999553719535,2.220446049250313e-16,0.16619999951217324,0.1604999997653067,0.0,8,,0.1734000034048222,8836,21,0.0017331034065056496,0,1,False
noisy,True,1,1e-06,baseline_loop,4.9960036108132044e-15,0.023006646247102358,620.3725000013947,3.3306690738754696e-16,207.91989999997895,198.71710000006715,0.0,48,,620.2052000007825,12198,21,0.0024978065820717437,4096,1,False
noisy,True,1,1e-06,enum_cachedgram_loop,4.9960036108132044e-15,0.023006646247102358,619.1595999989659,3.3306690738754696e-16,204.93600000190781,196.75719999941066,0.0,48,,618.9703999989433,11798,21,0.0024978065820717437,0,1,False
noisy,True,1,1e-06,enum_fast_persample_loop,4.9960036108132044e-15,0.023006646247102358,35.69650000281399,3.3306690738754696e-16,15.59399999678135,13.65740000619553,0.0,48,,35.43029999855207,77677,21,0.0024978065820717437,0,1,False
noisy,True,1,1e-06,enum_batched,4.884981308350689e-15,0.02300664624710258,2.45800000266172,2.220446049250313e-16,1.1932999987038784,1.0785999984364025,0.0,48,,2.4514999968232587,726596,21,0.0024978065820717866,0,1,False
noisy,True,1,1e-06,enum_batched_interior,4.884981308350689e-15,0.02300664624710258,2.0989999975427054,2.220446049250313e-16,1.0540000002947636,0.9438999986741692,0.0,48,,2.090699999826029,623305,21,0.0024978065820717866,0,1,False
noisy,True,1,1e-06,activeset_loop_cold,4.884981308350689e-15,0.02300664624710258,14.806899998802692,4.440892098500626e-16,4.746899998281151,4.410200002894271,0.0,48,,14.701399995828979,15004,21,0.002497806582071798,0,1,False
noisy,True,1,1e-06,activeset_loop_warm,4.884981308350689e-15,0.02300664624710247,12.431099996319972,2.220446049250313e-16,3.704200003994629,3.410400000575464,0.0,48,,10.7516000061878,15692,21,0.002497806582071792,0,1,False
noisy,True,1,1e-06,rust_enum_batched,4.884981308350689e-15,0.02300664624710258,1.5220999994198792,2.220446049250313e-16,0.6598999971174635,0.5935000008321367,0.0,48,,1.4213000031304546,7212,21,0.002497806582071795,0,1,False
noisy,True,1,1e-06,rust_enum_interior,4.884981308350689e-15,0.02300664624710258,1.0833999986061826,2.220446049250313e-16,0.5430999954114668,0.4819000023417175,0.0,48,,1.0461999991093762,21260,21,0.002497806582071794,0,1,False
noisy,True,1,1e-06,final_numpy,4.884981308350689e-15,0.02300664624710258,3.1787999978405423,2.220446049250313e-16,1.0656000013113953,0.9671999941929244,0.0,48,,2.2049000035622157,623817,21,0.0024978065820717866,16384,1,False
noisy,True,1,1e-06,final_rust,4.884981308350689e-15,0.02300664624710258,1.2464000028558075,2.220446049250313e-16,0.5196000056457706,0.48060000699479133,0.0,48,,1.0538000060478225,21772,21,0.002497806582071794,0,1,False
noisy,True,0,1e-06,floor_probe,57134293.48867655,57134293.48867655,0.3761000043596141,381754190.1265636,0.170899998920504,0.15050000365590677,41818354.63732008,48,,0.3378999972483143,7788,21,48036968.169662625,0,1,False
noisy,True,1,1e-06,baseline_loop,0.0,0.0,4.508199999690987,0.0,3.708099997311365,3.650500002549961,0.0,1,,4.371600000013132,707324,21,0.0,4096,1,True
noisy,True,1,1e-06,enum_batched,0.0,0.0,0.5324000012478791,0.0,0.4259999986970797,0.40720000106375664,0.0,1,,0.5031999971834011,707068,21,0.0,0,1,True
noisy,True,1,1e-06,enum_batched_interior,0.0,0.0,0.4752999957418069,0.0,0.4167000006418675,0.40440000157104805,0.0,1,,0.46099999599391595,707068,21,0.0,0,1,True
noisy,True,1,1e-06,activeset_loop_warm,0.0,0.0,0.17070000467356294,0.0,0.1396000006934628,0.13190000026952475,0.0,1,,0.15600000187987462,707068,21,0.0,0,1,True
noisy,True,1,1e-06,rust_enum_interior,0.0,0.0,0.2505000011296943,0.0,0.22760000138077885,0.22319999698083848,0.0,1,,0.24850000045262277,707068,21,0.0,0,1,True
noisy,True,1,1e-06,final_numpy,0.0,0.0,0.47620000259485096,0.0,0.4254000014043413,0.4067999980179593,0.0,1,,0.47510000149486586,707068,21,0.0,0,1,True
noisy,True,1,1e-06,final_rust,0.0,0.0,0.5216999998083338,0.0,0.23379999765893444,0.22890000400366262,0.0,1,,0.24879999546101317,707068,21,0.0,0,1,True
noisy,True,1,1e-06,baseline_loop,5.218048215738236e-15,0.004758721157537726,31.091299999388866,2.220446049250313e-16,29.84689999721013,28.745399999024812,0.0,8,,31.03720000217436,707324,21,0.0008499167327646953,4096,1,True
noisy,True,1,1e-06,enum_batched,3.4416913763379853e-15,0.004758721157537282,1.41530000109924,2.220446049250313e-16,0.8234999986598268,0.7671999992453493,0.0,8,,0.9272999959648587,1027164,21,0.0008499167327646493,4096,1,True
noisy,True,1,1e-06,enum_batched_interior,3.4416913763379853e-15,0.004758721157537282,0.9927999999490567,2.220446049250313e-16,0.7914000016171485,0.7423999995808117,0.0,8,,0.8727000022190623,1027164,21,0.0008499167327646493,12288,1,True
noisy,True,1,1e-06,activeset_loop_warm,3.219646771412954e-15,0.004758721157537282,1.1009000008925796,2.220446049250313e-16,0.9868999986792915,0.9316999930888414,0.0,8,,1.0349000003770925,1027164,21,0.0008499167327646471,0,1,True
noisy,True,1,1e-06,rust_enum_interior,3.4416913763379853e-15,0.004758721157537282,0.8135999960359186,2.220446049250313e-16,0.39000000106170774,0.36589999945135787,0.0,8,,0.41929999861167744,1027164,21,0.0008499167327646469,0,1,True
noisy,True,1,1e-06,final_numpy,3.4416913763379853e-15,0.004758721157537282,1.175199999124743,2.220446049250313e-16,0.7979000001796521,0.7470999989891425,0.0,8,,0.8383999957004562,1027164,21,0.0008499167327646493,20480,1,True
noisy,True,1,1e-06,final_rust,3.4416913763379853e-15,0.004758721157537282,0.4216999950585887,2.220446049250313e-16,0.38669999776175246,0.3617999973357655,0.0,8,,0.4065999964950606,1027164,21,0.0008499167327646469,0,1,True
noisy,True,1,1e-06,baseline_loop,5.218048215738236e-15,0.15160474802556556,563.4772000048542,2.220446049250313e-16,187.2746000008192,180.0980000043637,0.0,48,,562.8920000017388,707324,21,0.03777762507642164,4096,1,True
noisy,True,1,1e-06,enum_cachedgram_loop,4.6629367034256575e-15,0.15160474802556578,561.3140999994357,4.440892098500626e-16,187.99120000039693,176.8547000028775,0.0,48,,561.1019000061788,4227804,21,0.03777762507642164,0,1,True
noisy,True,1,1e-06,enum_fast_persample_loop,4.6629367034256575e-15,0.15160474802556578,36.06690000015078,4.440892098500626e-16,15.726300000096671,14.6452999979374,0.0,48,,35.910999999032356,4227804,21,0.03777762507642164,0,1,True
noisy,True,1,1e-06,enum_batched,4.551914400963142e-15,0.151604748025566,4.833300001337193,4.440892098500626e-16,2.6767000017571263,2.5229999955627136,0.0,48,,4.743400000734255,4227804,21,0.037777625076421635,0,1,True
noisy,True,1,1e-06,enum_batched_interior,4.551914400963142e-15,0.151604748025566,4.770599996845704,4.440892098500626e-16,2.6148999968427233,2.4523000029148534,0.0,48,,4.689400004281197,4227804,21,0.037777625076421635,0,1,True
noisy,True,1,1e-06,activeset_loop_cold,4.551914400963142e-15,0.15160474802556623,11.44170000043232,2.220446049250313e-16,4.041599997435696,3.8419000047724694,0.0,48,,10.436399999889545,4227804,21,0.037777625076421635,0,1,True
noisy,True,1,1e-06,activeset_loop_warm,4.551914400963142e-15,0.151604748025566,14.85580000007758,2.220446049250313e-16,5.65199999982724,5.253299998003058,0.0,48,,14.499500000965782,4227804,21,0.03777762507642163,0,1,True
noisy,True,1,1e-06,rust_enum_batched,4.551914400963142e-15,0.151604748025566,3.3793999973568134,2.220446049250313e-16,1.972600002773106,1.8150000032619573,0.0,48,,3.3675000013317913,4227804,21,0.03777762507642163,0,1,True
noisy,True,1,1e-06,rust_enum_interior,4.551914400963142e-15,0.151604748025566,3.3202999984496273,2.220446049250313e-16,1.9322999942232855,1.81460000021616,0.0,48,,3.264499995566439,4227804,21,0.03777762507642163,0,1,True
noisy,True,1,1e-06,final_numpy,4.551914400963142e-15,0.151604748025566,4.693900002166629,4.440892098500626e-16,2.6541999977780506,2.498499998182524,0.0,48,,4.642799998691771,4227804,21,0.037777625076421635,0,1,True
noisy,True,1,1e-06,final_rust,4.551914400963142e-15,0.151604748025566,3.4101999990525655,2.220446049250313e-16,1.9371000016690232,1.8286999984411523,0.0,48,,3.3456000019214116,4227804,21,0.03777762507642163,0,1,True
noisy,True,0,1e-06,floor_probe,2235.084670011251,2235.084670011251,2.659400000993628,17099.961279434698,1.5865999957895838,1.4830000000074506,1968.5376794410586,48,,2.602200002002064,4227804,21,2139.1098613611057,0,1,True
synthetic_480,True,0,,enum_batched,,1.0269562977782698e-15,11.897500000486616,4.440892098500626e-16,10.681800005841069,9.952799999155104,3.760585264165824e-05,480,performance-only synthetic set; correctness gates do not apply,11.506450002343627,5744568,11,2.4844775807565313e-16,-970752,1,False
synthetic_480,True,0,,enum_batched_interior,,1.0269562977782698e-15,1.6317999979946762,4.440892098500626e-16,1.5625000014551915,1.3951000000815839,3.760585264165824e-05,480,performance-only synthetic set; correctness gates do not apply,1.630549999390496,169196,11,2.4844775807565313e-16,0,1,False
synthetic_480,True,0,,activeset_loop_cold,,9.992007221626409e-16,65.35669999720994,3.3306690738754696e-16,63.919499996700324,60.64429999969434,3.760585264166423e-05,480,performance-only synthetic set; correctness gates do not apply,65.29154999589082,93724,11,2.3994932067614235e-16,0,1,False
synthetic_480,True,0,,activeset_loop_warm,,9.992007221626409e-16,9.898000003886409,3.3306690738754696e-16,9.59780000266619,9.043799997016322,3.7605852641634214e-05,480,performance-only synthetic set; correctness gates do not apply,9.82770000337041,93676,11,2.4561749864319823e-16,0,1,False
synthetic_480,True,0,,rust_enum_batched,,9.992007221626409e-16,4.8677999948267825,3.3306690738754696e-16,4.640200000721961,4.417500000272412,3.760585264167465e-05,480,performance-only synthetic set; correctness gates do not apply,4.836049996811198,62508,11,2.3807083426918145e-16,0,1,False
synthetic_480,True,0,,rust_enum_interior,,1.0269562977782698e-15,1.7734000066411681,4.440892098500626e-16,1.5292000025510788,1.3048000037088059,3.760585264165824e-05,480,performance-only synthetic set; correctness gates do not apply,1.7511000041849911,169196,11,2.4844775807565313e-16,0,1,False
synthetic_480,True,0,,final_numpy,,1.0269562977782698e-15,1.7039000013028271,4.440892098500626e-16,1.375600004394073,1.2021000002278015,3.760585264165824e-05,480,performance-only synthetic set; correctness gates do not apply,1.6765500004112255,169708,11,2.4844775807565313e-16,0,1,False
synthetic_480,True,0,,final_rust,,1.0269562977782698e-15,1.5424000011989847,4.440892098500626e-16,1.3432999985525385,1.1802000008174218,3.760585264165824e-05,480,performance-only synthetic set; correctness gates do not apply,1.537700001790654,169708,11,2.4844775807565313e-16,0,1,False
synthetic_480,True,0,,floor_probe,,55822098.50461775,1.443299996026326,378874915.15863,1.299800002016127,1.17790000513196,42111227.019542485,480,performance-only synthetic set; correctness gates do not apply,1.4208499960659537,63084,11,47615392.3946929,0,1,False
synthetic_4800,True,0,,enum_batched,,1.7763568394002505e-15,196.291399995971,4.440892098500626e-16,190.99940000160132,114.60989999613957,3.0700975173103607e-06,4800,performance-only synthetic set; correctness gates do not apply,195.14689999778057,57200088,11,2.501776811435075e-16,-606208,1,False
synthetic_4800,True,0,,enum_batched_interior,,1.7763568394002505e-15,37.239999997837,4.440892098500626e-16,33.53690000221832,14.267800004745368,3.0700975173103607e-06,4800,performance-only synthetic set; correctness gates do not apply,35.9763499982364,1620020,11,2.501776811435075e-16,-1073152,1,False
synthetic_4800,True,0,,activeset_loop_cold,,1.6653345369377348e-15,1998.5885999994935,4.440892098500626e-16,1980.6391000020085,628.9172999968287,3.070097517301639e-06,4800,performance-only synthetic set; correctness gates do not apply,1997.137649999786,923164,11,2.422511423923546e-16,1052672,1,False
synthetic_4800,True,0,,activeset_loop_warm,,1.6653345369377348e-15,284.40840000257595,4.440892098500626e-16,280.49579999787966,92.89120000175899,3.0700975172963292e-06,4800,performance-only synthetic set; correctness gates do not apply,284.31075000116834,923116,11,2.4701368645480877e-16,0,1,False
synthetic_4800,True,0,,rust_enum_batched,,1.4432899320127035e-15,106.31870000361232,4.440892098500626e-16,105.258399999002,44.798099996114615,3.0700975173764674e-06,4800,performance-only synthetic set; correctness gates do not apply,106.09230000409298,615468,11,2.4102177275386273e-16,307200,1,False
synthetic_4800,True,0,,rust_enum_interior,,1.7763568394002505e-15,36.35190000204602,4.440892098500626e-16,33.271500004047994,13.717399997403845,3.0700975173103607e-06,4800,performance-only synthetic set; correctness gates do not apply,35.625700002128724,1620020,11,2.501776811435075e-16,688128,1,False
synthetic_4800,True,0,,final_numpy,,1.7763568394002505e-15,35.02640000078827,4.440892098500626e-16,33.305699995253235,14.085200004046783,3.0700975173103607e-06,4800,performance-only synthetic set; correctness gates do not apply,34.662699999898905,1418444,11,2.501776811435075e-16,0,1,False
synthetic_4800,True,0,,final_rust,,1.7763568394002505e-15,35.88119999767514,4.440892098500626e-16,32.83670000382699,13.58819999586558,3.0700975173103607e-06,4800,performance-only synthetic set; correctness gates do not apply,35.02389999630395,1418444,11,2.501776811435075e-16,0,1,False
synthetic_4800,True,0,,floor_probe,,56176587.46856516,32.76929999992717,379290566.5626826,32.427599995571654,13.690899999346584,42027833.52237813,4800,performance-only synthetic set; correctness gates do not apply,32.76439999899594,615484,11,47680855.00744122,0,1,False
